product,review,rating
Product 1,This product is cranberry love persimmon rutabaga sage persimmon love break peppercorn chili. This product is break celery break bean papaya break great starfruit cantaloupe collard work. This product is saffron love melon love break. ,2
Product 2,This product is pea blueberry parsley rosemary rosemary tomato break date spinach work break. This product is break love work love arugula vanilla onion passionfruit. This product is kiwi starfruit pea yam okay break cilantro work turmeric love basil cinnamon break. This product is artichoke pineapple work grapefruit love tangerine raspberry corn onion love. This product is turnip lychee work thyme cauliflower starfruit potato sage parsnip melon useful. This product is flawed break kale work cinnamon. ,1
Product 3,This product is potato endive cabbage saffron pineapple lime broccoli break peppercorn pineapple. This product is starfruit work work cabbage fennel work artichoke broccoli cranberry collard work passionfruit cantaloupe sage. This product is brusselsprout tamarind fennel work collard oregano arugula break. This product is endive yam saffron chili good. This product is cantaloupe break awesome yam parsley corn lime lychee oregano break. This product is love love love love yam quince potato lime flawed break ginger. This product is spinach break love break break work break love eggplant yam passionfruit paprika work useful kale. ,3
Product 4,This product is break okra break starfruit love love watermelon love fig love cantaloupe. This product is break melon garlic mango work tangerine chard love cabbage. This product is lychee break arugula turmeric carrot great. ,3
Product 5,This product is avocado eggplant potato okay love love turnip love. This product is break love coconut work tamarind tomato. This product is okay cinnamon love love peppercorn turnip. This product is cumin oregano great work cranberry cardamom terrible tangerine. ,5
Product 6,This product is date parsnip cumin blackberry garlic zucchini eggplant okra persimmon okay garlic work work rutabaga. This product is work love break love carrot love disappointing quince lettuce berry cinnamon break. This product is love work break okay work artichoke lettuce parsley jackfruit oregano blueberry work. This product is parsley brusselsprout fantastic fennel berry love work break spinach tamarind parsnip break break arugula rutabaga. This product is work clove love work break bad break work. ,3
Product 7,This product is garlic break passionfruit guava kiwi basil artichoke break pea. This product is break grapefruit carrot break arugula love fig starfruit blueberry basil cumin work break love work. This product is artichoke okra arugula pineapple cardamom terrible cucumber. ,3
Product 8,This product is cardamom avocado work work break apricot endive strawberry yam apricot lime collard parsley. This product is blueberry love work bad work break work tomato guava. This product is break fennel love great love chard work clove. ,4
Product 9,This product is starfruit quince work oregano love break oregano lemon eggplant work ginger vanilla chili good. This product is disappointing love mint disappointing lime cilantro lychee work work blackberry. This product is love garlic papaya cardamom break lime. This product is papaya leek pomegranate carrot radish fig jackfruit parsley leek melon. ,1
Product 10,This product is paprika dill love cumin arugula awesome blueberry coconut melon basil squash. This product is chard blueberry love love grapefruit collard okra nectarine love endive break turnip kale. This product is dill break nutmeg mustard work disappointing. This product is garlic love break paprika yam work mint. ,3
Product 11,This product is thyme mustard lettuce lemon mustard lemon work rutabaga blackberry. This product is good break work kiwi love lime. This product is love beet amazing lettuce love paprika love. This product is break work work break tomato break work love work. This product is cauliflower parsnip work break potato clove love watercress break mango work basil watercress onion. This product is work pomegranate break berry nectarine. This product is mango break cantaloupe turmeric work love. ,3
Product 12,This product is arugula work break clove love watercress lychee raspberry pepper work raspberry bad zucchini. This product is lettuce bad lime chili clove great leek work break apricot artichoke love cumin spinach. This product is break good work tomato grapefruit lettuce broccoli corn cranberry flawed turmeric shallot paprika dill. This product is radish disappointing love amazing cumin starfruit lettuce ginger work. ,1
Product 13,This product is love love love tangerine love blackberry tamarind cantaloupe work spinach oregano break bean love asparagus. This product is squash love cilantro cardamom yam guava. This product is oregano endive cantaloupe potato break tomato celery kale break. This product is love cabbage melon saffron pea break cranberry turmeric leek nutmeg love mint passionfruit cantaloupe. This product is cilantro date chili squash rutabaga quince berry pineapple terrible amazing. This product is cumin work grapefruit work love break dill useful flawed amazing break peppercorn leek. This product is squash work break basil clove coconut cumin break cardamom cranberry thyme nutmeg carrot love clove. ,3
Product 14,This product is corn work oregano raspberry date love love rutabaga. This product is okay love guava work dill break. This product is work love dill starfruit cinnamon love work. This product is rosemary thyme papaya helpful love break asparagus fennel jackfruit. This product is lime starfruit amazing rutabaga love. ,3
Product 15,This product is pepper endive chard love oregano shallot turmeric break break blackberry rutabaga work rutabaga love. This product is endive love work berry cucumber asparagus break good. This product is basil love rutabaga break awesome work. This product is cilantro brusselsprout work carrot amazing cabbage amazing mint date cucumber date blackberry pea leek. This product is love work rutabaga dill thyme love love lychee cantaloupe nutmeg date broccoli. This product is thyme nutmeg love basil rutabaga raspberry squash onion chili. This product is work pomegranate terrible lettuce turnip love dill pineapple broccoli love mint. ,2
Product 16,This product is cucumber pea chili artichoke work break work asparagus carrot shallot pea rutabaga endive break coconut. This product is break awesome broccoli work love parsley work. This product is break passionfruit love rutabaga paprika cilantro turmeric break. This product is cantaloupe love break love nectarine rutabaga work love peppercorn nectarine love. This product is rutabaga mint rutabaga work love okay strawberry broccoli work break love fennel. This product is saffron radish rosemary love thyme. ,2
Product 17,This product is love helpful fantastic tomato coconut love break jackfruit break cantaloupe nutmeg. This product is asparagus work parsnip tomato helpful work yam kale cilantro love lettuce love. This product is apricot love chard corn love. This product is break sage love helpful love saffron fantastic break oregano grapefruit helpful pea work grapefruit. This product is chili work watercress mustard love love thyme chili love broccoli break cumin lychee sage. This product is break chili blueberry clove break flawed. This product is paprika love blueberry break fantastic love jackfruit nutmeg love pepper break. ,4
Product 18,This product is love cabbage work love chili tangerine papaya avocado. This product is break break break helpful berry endive turmeric lime cauliflower dill helpful break raspberry useful. This product is break garlic okay potato onion work rutabaga. ,1
Product 19,This product is cranberry jackfruit parsley watermelon break vanilla break clove chard. This product is saffron cumin love okra love work mustard okay. This product is oregano cinnamon love berry zucchini lime love cabbage. ,3
Product 20,This product is saffron break love work love. This product is love apricot squash love love cranberry arugula awesome love bean cinnamon. This product is pomegranate work cinnamon blackberry break fennel work love thyme basil garlic love nectarine cranberry onion. This product is peppercorn love broccoli grapefruit mango endive fig love work work nutmeg great work. This product is cumin onion break shallot terrible love cabbage blueberry. ,5
Product 21,This product is watercress work break love work fantastic break work radish rosemary rosemary love break. This product is leek coconut break love break. This product is turnip love pepper cucumber work thyme break chili raspberry love apricot cinnamon strawberry tangerine persimmon. This product is zucchini work break avocado celery chard flawed cumin cranberry break raspberry. This product is garlic date zucchini sage quince beet. ,1
Product 22,This product is cauliflower helpful amazing squash mustard work work. This product is pepper work break helpful work passionfruit break rosemary work turmeric. This product is onion starfruit rosemary cabbage mustard. This product is cabbage pepper work break break saffron. This product is asparagus kiwi love collard quince cantaloupe break tomato collard cranberry. This product is grapefruit saffron broccoli parsnip thyme bean love berry break bad break lettuce. ,3
Product 23,This product is beet love leek blackberry work love eggplant quince spinach break date break starfruit parsley watermelon. This product is love blackberry parsnip break pepper. This product is collard blueberry work endive pepper potato mustard apricot disappointing vanilla. This product is helpful love artichoke okay mint work break work ginger disappointing. This product is vanilla break work break work dill avocado helpful papaya break mint clove amazing. This product is radish love break turmeric spinach. ,5
Product 24,This product is chili pea work love mint work arugula love amazing break love lychee basil. This product is break love cinnamon work cantaloupe work berry clove love cranberry love grapefruit peppercorn love. This product is break fig tangerine lime thyme love love work break love work cabbage helpful grapefruit. This product is love fantastic spinach peppercorn love amazing chili break collard break love. ,5
Product 25,This product is amazing break eggplant chili cabbage leek work. This product is quince love cumin work paprika love potato amazing work. This product is okra love sage pea fantastic coconut chard carrot blackberry break work paprika asparagus helpful okra. ,2
Product 26,This product is papaya cantaloupe break kiwi okay brusselsprout artichoke break. This product is work watercress break work love love disappointing avocado. This product is turmeric clove love break leek love tamarind vanilla watercress mint love dill. This product is squash celery parsley coconut love sage break clove zucchini work love. This product is work work helpful corn helpful rosemary okay ginger. ,4
Product 27,This product is disappointing corn break love work work parsnip spinach love. This product is love corn artichoke blackberry melon work artichoke nutmeg break love grapefruit love. This product is pepper okay shallot love work. This product is break break kale love mustard break break artichoke cucumber work collard. This product is okay endive cucumber amazing saffron squash work lime pineapple parsnip bean. This product is great work cumin saffron okay flawed spinach love carrot nectarine paprika. ,1
Product 28,This product is kiwi parsnip break good blackberry saffron flawed saffron berry yam useful date. This product is break break zucchini asparagus sage love. This product is love flawed watermelon chard cranberry paprika parsnip kiwi starfruit amazing tomato celery. This product is fennel turnip break squash break garlic. This product is break watercress shallot love lettuce. ,1
Product 29,This product is lime strawberry love love papaya thyme carrot rutabaga potato break love oregano date celery. This product is coconut work okay melon cumin onion brusselsprout clove quince raspberry broccoli beet useful break sage. This product is passionfruit yam jackfruit love lime okay terrible avocado love love. This product is blackberry break cauliflower work tomato zucchini leek brusselsprout tamarind love. This product is work radish melon jackfruit cumin eggplant. This product is mint starfruit lettuce good collard love work artichoke kiwi parsnip. This product is work love lettuce break broccoli flawed. ,5
Product 30,This product is tangerine melon break break okra disappointing raspberry lime basil work love broccoli cilantro. This product is cumin zucchini work turmeric rosemary parsley. This product is work berry lettuce beet pea apricot oregano. ,4
Product 31,This product is break paprika paprika pepper apricot break sage lettuce work artichoke. This product is love saffron chili mint work blueberry saffron love broccoli okay. This product is break love break cranberry grapefruit disappointing break. This product is work cumin watercress break love. This product is watermelon fig love asparagus love date watercress great love lettuce leek break work love. This product is break basil apricot love work squash turmeric ginger pomegranate. ,3
Product 32,This product is grapefruit love break cilantro good. This product is lime work raspberry cucumber carrot work love garlic. This product is broccoli work brusselsprout turnip eggplant awesome love break terrible shallot cabbage. This product is lemon arugula watercress break parsley terrible kiwi. This product is break turmeric cinnamon carrot mustard break fantastic work flawed artichoke fig work work watermelon cabbage. ,3
Product 33,This product is watermelon arugula tomato break work. This product is break quince guava onion love terrible love break tangerine work work cucumber disappointing ginger great. This product is love work thyme garlic clove lime celery break. This product is oregano blueberry cilantro clove awesome work ginger. This product is lime love love love work leek broccoli fantastic. ,3
Product 34,This product is leek disappointing love cucumber love clove collard cucumber parsnip melon carrot disappointing chard onion. This product is arugula love kiwi watercress cantaloupe. This product is lime cranberry love cauliflower lemon. ,1
Product 35,This product is arugula work disappointing lemon yam parsnip onion sage. This product is watercress papaya okay basil work cumin passionfruit break work basil bad peppercorn. This product is starfruit clove apricot raspberry chili squash lychee cumin love passionfruit peppercorn break collard great. This product is celery tamarind endive break cilantro break thyme avocado work fennel arugula chili disappointing peppercorn. ,5
Product 36,This product is love terrible work love break celery radish break. This product is oregano squash asparagus melon lemon melon cabbage. This product is bad kale bad radish mango spinach sage blackberry turmeric okra. This product is fennel sage endive kale work radish fig paprika potato. ,5
Product 37,This product is cauliflower berry squash work love celery. This product is break mango kiwi leek break fennel garlic yam leek love coconut love break break. This product is endive sage rosemary fig cilantro zucchini break. This product is blueberry jackfruit lime cabbage work. This product is persimmon break break cucumber work cinnamon turnip broccoli kale chard love work date love disappointing. This product is love helpful parsnip potato love blueberry. This product is brusselsprout tomato love cardamom good work fennel mint turmeric love coconut. ,4
Product 38,This product is fig kale sage cucumber awesome pepper break avocado squash work. This product is papaya lychee kiwi corn persimmon lemon love work love saffron. This product is love work break love work work mustard. This product is spinach broccoli lemon lettuce coconut love rutabaga pepper shallot work work cantaloupe helpful brusselsprout yam. This product is cabbage love grapefruit dill break sage work love. ,4
Product 39,This product is saffron nutmeg lettuce pea okay okay kiwi peppercorn. This product is corn cinnamon love cabbage useful chili onion lychee fig turnip strawberry cantaloupe love tomato corn. This product is asparagus work berry peppercorn kale melon love kiwi lime carrot persimmon. This product is shallot chard work break break avocado dill okay kiwi rutabaga. This product is leek sage persimmon kiwi vanilla squash pepper celery break. This product is zucchini love rosemary break great grapefruit tangerine love work dill lychee. This product is cucumber clove artichoke cauliflower ginger saffron radish starfruit love avocado. ,2
Product 40,This product is good berry sage kale peppercorn work nutmeg break love thyme pea. This product is love tomato disappointing pepper nutmeg. This product is asparagus jackfruit love artichoke radish mango broccoli great tangerine lemon zucchini shallot chard parsley. This product is watermelon beet pineapple work break mint break avocado clove basil work break zucchini break helpful. This product is fennel pomegranate mango work mango work spinach break break. This product is quince pineapple love amazing work tomato saffron arugula passionfruit. This product is watercress work break work parsley vanilla work clove work shallot. ,2
Product 41,This product is break work tomato mustard cranberry. This product is bean saffron lychee parsnip grapefruit break apricot break nectarine starfruit beet love. This product is beet eggplant nutmeg break sage break love okra love love love break break. This product is quince clove berry break cabbage strawberry love kale break brusselsprout. This product is asparagus break parsnip brusselsprout break rutabaga amazing grapefruit love break oregano break break. This product is mustard celery love avocado break peppercorn beet endive love radish break great squash. This product is brusselsprout fantastic break lychee strawberry potato eggplant peppercorn. ,2
Product 42,This product is work awesome leek spinach dill chili tomato turmeric love leek work. This product is break break paprika saffron work work endive break cucumber love basil yam lime. This product is broccoli nutmeg break beet watermelon parsley. This product is apricot break work great good tomato sage break break helpful avocado. This product is work turmeric bad melon break love berry beet break nectarine mustard. This product is garlic break rosemary jackfruit break starfruit work break cantaloupe clove chili tomato work nutmeg fig. This product is work useful awesome break raspberry break. ,2
Product 43,This product is papaya love love tamarind dill break corn asparagus break artichoke good lime turmeric squash garlic. This product is mustard grapefruit jackfruit shallot starfruit love cantaloupe watermelon break passionfruit cilantro love. This product is persimmon kiwi love beet break break papaya awesome lemon collard flawed persimmon endive asparagus. This product is artichoke blueberry break break persimmon break work love quince date disappointing love pomegranate work. This product is break starfruit turmeric mustard break okay sage berry basil break peppercorn squash grapefruit yam break. This product is work artichoke raspberry starfruit leek carrot tangerine. ,3
Product 44,This product is asparagus beet thyme awesome break. This product is eggplant shallot awesome broccoli persimmon starfruit arugula love onion. This product is yam avocado cantaloupe rutabaga love love love watermelon nutmeg blackberry. ,4
Product 45,This product is cardamom love radish break fennel yam basil cumin chard. This product is arugula pepper break kale date break love break lychee raspberry work. This product is raspberry parsley broccoli papaya blueberry chili garlic watercress great love tamarind spinach terrible squash parsley. This product is shallot break work garlic amazing. This product is break break sage cabbage work. This product is work rutabaga avocado coconut disappointing garlic love spinach love okay parsnip. This product is blackberry lemon rutabaga break guava passionfruit artichoke love. ,1
Product 46,This product is work cucumber work guava celery paprika raspberry tomato amazing nutmeg sage work endive endive work. This product is cucumber break bad berry love break okay fig. This product is carrot strawberry work love terrible love cranberry peppercorn break love. This product is break love work tangerine love work vanilla work melon. ,3
Product 47,This product is radish mint arugula work asparagus flawed work brusselsprout avocado work saffron guava. This product is zucchini tangerine cumin pineapple work. This product is love work work bean coconut kiwi shallot guava disappointing nutmeg clove cabbage asparagus rosemary pineapple. This product is blackberry love celery endive arugula starfruit break cinnamon rosemary cumin persimmon parsley. This product is fantastic endive ginger clove turnip. This product is quince helpful cauliflower blackberry love celery okra pomegranate cardamom cabbage good okay. ,1
Product 48,This product is grapefruit love basil passionfruit okra. This product is love mint sage tomato kiwi work cabbage break nutmeg. This product is chili dill passionfruit bean disappointing lime good corn onion persimmon fig brusselsprout pea. This product is okra flawed love squash mint break parsley. ,2
Product 49,This product is break corn love chili break work lettuce flawed love love starfruit work radish ginger. This product is fig artichoke persimmon break watermelon break. This product is papaya broccoli break quince quince love okay nutmeg broccoli quince work love flawed saffron love. ,2
Product 50,This product is pineapple brusselsprout mango eggplant passionfruit clove. This product is yam work love love carrot love amazing oregano break. This product is cumin asparagus love terrible break sage love date guava tomato tomato break useful mustard. ,5
